<TextureAtlas imagePath="sheet.png">
	<SubTexture name="elementGlass000.png" x="860" y="70" width="70" height="70"/>
	<SubTexture name="elementGlass001.png" x="780" y="920" width="140" height="70"/>
	<SubTexture name="elementGlass002.png" x="1130" y="1910" width="70" height="70"/>
	<SubTexture name="elementGlass003.png" x="1130" y="1840" width="70" height="70"/>
	<SubTexture name="elementGlass004.png" x="640" y="1940" width="140" height="70"/>
	<SubTexture name="elementGlass005.png" x="1130" y="1700" width="70" height="70"/>
	<SubTexture name="elementGlass006.png" x="1130" y="1630" width="70" height="70"/>
	<SubTexture name="elementGlass007.png" x="720" y="290" width="140" height="70"/>
	<SubTexture name="elementGlass008.png" x="1130" y="1490" width="70" height="70"/>
	<SubTexture name="elementGlass009.png" x="1130" y="1420" width="70" height="70"/>
	<SubTexture name="elementGlass010.png" x="720" y="500" width="140" height="70"/>
	<SubTexture name="elementGlass011.png" x="1130" y="1280" width="70" height="70"/>
	<SubTexture name="elementGlass012.png" x="1130" y="1210" width="70" height="70"/>
	<SubTexture name="elementGlass013.png" x="720" y="570" width="140" height="70"/>
	<SubTexture name="elementGlass014.png" x="0" y="70" width="220" height="70"/>
	<SubTexture name="elementGlass015.png" x="1130" y="1000" width="70" height="70"/>
	<SubTexture name="elementGlass016.png" x="720" y="710" width="140" height="70"/>
	<SubTexture name="elementGlass017.png" x="0" y="280" width="220" height="70"/>
	<SubTexture name="elementGlass018.png" x="1130" y="570" width="70" height="140"/>
	<SubTexture name="elementGlass019.png" x="780" y="780" width="140" height="140"/>
	<SubTexture name="elementGlass020.png" x="0" y="560" width="220" height="140"/>
	<SubTexture name="elementGlass021.png" x="1070" y="140" width="70" height="220"/>
	<SubTexture name="elementGlass022.png" x="500" y="1350" width="140" height="220"/>
	<SubTexture name="elementGlass023.png" x="1070" y="0" width="70" height="140"/>
	<SubTexture name="elementGlass024.png" x="500" y="1210" width="140" height="140"/>
	<SubTexture name="elementGlass025.png" x="0" y="840" width="220" height="140"/>
	<SubTexture name="elementGlass026.png" x="1060" y="1570" width="70" height="220"/>
	<SubTexture name="elementGlass027.png" x="500" y="990" width="140" height="220"/>
	<SubTexture name="elementGlass028.png" x="1060" y="1430" width="70" height="70"/>
	<SubTexture name="elementGlass029.png" x="780" y="1280" width="140" height="70"/>
	<SubTexture name="elementGlass030.png" x="0" y="980" width="220" height="70"/>
	<SubTexture name="elementGlass031.png" x="1060" y="1220" width="70" height="70"/>
	<SubTexture name="elementGlass032.png" x="780" y="1350" width="140" height="70"/>
	<SubTexture name="elementGlass033.png" x="0" y="1120" width="220" height="70"/>
	<SubTexture name="elementGlass034.png" x="1060" y="940" width="70" height="140"/>
	<SubTexture name="elementGlass035.png" x="580" y="0" width="140" height="140"/>
	<SubTexture name="elementGlass036.png" x="0" y="1260" width="220" height="140"/>
	<SubTexture name="elementGlass037.png" x="1000" y="360" width="70" height="220"/>
	<SubTexture name="elementGlass038.png" x="580" y="280" width="140" height="220"/>
	<SubTexture name="elementGlass039.png" x="1000" y="0" width="70" height="140"/>
	<SubTexture name="elementGlass040.png" x="580" y="500" width="140" height="140"/>
	<SubTexture name="elementGlass041.png" x="0" y="1610" width="220" height="140"/>
	<SubTexture name="elementGlass042.png" x="990" y="1580" width="70" height="220"/>
	<SubTexture name="elementGlass043.png" x="580" y="640" width="140" height="220"/>
	<SubTexture name="elementGlass044.png" x="990" y="1370" width="70" height="70"/>
	<SubTexture name="elementGlass045.png" x="780" y="1630" width="140" height="70"/>
	<SubTexture name="elementGlass046.png" x="990" y="1230" width="70" height="70"/>
	<SubTexture name="elementGlass047.png" x="990" y="1160" width="70" height="70"/>
	<SubTexture name="elementGlass048.png" x="780" y="1700" width="140" height="70"/>
	<SubTexture name="elementGlass049.png" x="0" y="1890" width="220" height="70"/>
	<SubTexture name="elementGlass050.png" x="930" y="580" width="70" height="140"/>
	<SubTexture name="elementGlass051.png" x="640" y="1590" width="140" height="140"/>
	<SubTexture name="elementGlass052.png" x="220" y="140" width="220" height="140"/>
	<SubTexture name="elementGlass053.png" x="930" y="0" width="70" height="220"/>
	<SubTexture name="elementGlass054.png" x="640" y="1150" width="140" height="220"/>
	<SubTexture name="elementStone000.png" x="640" y="1730" width="140" height="70"/>
	<SubTexture name="elementStone001.png" x="920" y="1710" width="70" height="70"/>
	<SubTexture name="elementStone002.png" x="1140" y="0" width="70" height="70"/>
	<SubTexture name="elementStone003.png" x="440" y="780" width="140" height="70"/>
	<SubTexture name="elementStone004.png" x="1130" y="1770" width="70" height="70"/>
	<SubTexture name="elementStone005.png" x="1130" y="1560" width="70" height="70"/>
	<SubTexture name="elementStone006.png" x="720" y="220" width="140" height="70"/>
	<SubTexture name="elementStone007.png" x="1130" y="1350" width="70" height="70"/>
	<SubTexture name="elementStone008.png" x="1130" y="1140" width="70" height="70"/>
	<SubTexture name="elementStone009.png" x="780" y="1560" width="140" height="70"/>
	<SubTexture name="elementStone010.png" x="1130" y="930" width="70" height="70"/>
	<SubTexture name="elementStone011.png" x="1070" y="500" width="70" height="70"/>
	<SubTexture name="elementStone012.png" x="780" y="990" width="140" height="70"/>
	<SubTexture name="elementStone013.png" x="0" y="770" width="220" height="70"/>
	<SubTexture name="elementStone014.png" x="1060" y="1860" width="70" height="70"/>
	<SubTexture name="elementStone015.png" x="440" y="850" width="140" height="70"/>
	<SubTexture name="elementStone016.png" x="0" y="1190" width="220" height="70"/>
	<SubTexture name="elementStone017.png" x="1060" y="800" width="70" height="140"/>
	<SubTexture name="elementStone018.png" x="500" y="1790" width="140" height="140"/>
	<SubTexture name="elementStone019.png" x="220" y="420" width="220" height="140"/>
	<SubTexture name="elementStone020.png" x="930" y="360" width="70" height="220"/>
	<SubTexture name="elementStone021.png" x="640" y="860" width="140" height="220"/>
	<SubTexture name="elementStone022.png" x="920" y="1850" width="70" height="140"/>
	<SubTexture name="elementStone023.png" x="780" y="1420" width="140" height="140"/>
	<SubTexture name="elementStone024.png" x="220" y="980" width="220" height="140"/>
	<SubTexture name="elementStone025.png" x="780" y="1770" width="70" height="220"/>
	<SubTexture name="elementStone026.png" x="780" y="1060" width="140" height="220"/>
	<SubTexture name="elementStone027.png" x="1140" y="70" width="70" height="70"/>
	<SubTexture name="elementStone028.png" x="440" y="640" width="140" height="70"/>
	<SubTexture name="elementStone029.png" x="220" y="910" width="220" height="70"/>
	<SubTexture name="elementStone030.png" x="860" y="430" width="70" height="70"/>
	<SubTexture name="elementStone031.png" x="720" y="640" width="140" height="70"/>
	<SubTexture name="elementStone032.png" x="220" y="700" width="220" height="70"/>
	<SubTexture name="elementStone033.png" x="860" y="640" width="70" height="140"/>
	<SubTexture name="elementStone034.png" x="720" y="360" width="140" height="140"/>
	<SubTexture name="elementStone035.png" x="0" y="1750" width="220" height="140"/>
	<SubTexture name="elementStone036.png" x="920" y="1070" width="70" height="220"/>
	<SubTexture name="elementStone037.png" x="720" y="0" width="140" height="220"/>
	<SubTexture name="elementStone038.png" x="920" y="1360" width="70" height="140"/>
	<SubTexture name="elementStone039.png" x="640" y="1800" width="140" height="140"/>
	<SubTexture name="elementStone040.png" x="220" y="280" width="220" height="140"/>
	<SubTexture name="elementStone041.png" x="920" y="780" width="70" height="220"/>
	<SubTexture name="elementStone042.png" x="640" y="1370" width="140" height="220"/>
	<SubTexture name="elementStone043.png" x="920" y="1500" width="70" height="70"/>
	<SubTexture name="elementStone044.png" x="640" y="1080" width="140" height="70"/>
	<SubTexture name="elementStone045.png" x="920" y="1780" width="70" height="70"/>
	<SubTexture name="elementStone046.png" x="850" y="1910" width="70" height="70"/>
	<SubTexture name="elementStone047.png" x="500" y="1930" width="140" height="70"/>
	<SubTexture name="elementStone048.png" x="0" y="490" width="220" height="70"/>
	<SubTexture name="elementStone049.png" x="990" y="1440" width="70" height="140"/>
	<SubTexture name="elementStone050.png" x="580" y="140" width="140" height="140"/>
	<SubTexture name="elementStone051.png" x="0" y="140" width="220" height="140"/>
	<SubTexture name="elementStone052.png" x="1000" y="140" width="70" height="220"/>
	<SubTexture name="elementStone053.png" x="500" y="1570" width="140" height="220"/>
	<SubTexture name="elementStone054.png" x="860" y="360" width="70" height="70"/>
	<SubTexture name="elementWood000.png" x="1060" y="1500" width="70" height="70"/>
	<SubTexture name="elementWood001.png" x="1060" y="1360" width="70" height="70"/>
	<SubTexture name="elementWood002.png" x="440" y="920" width="140" height="70"/>
	<SubTexture name="elementWood003.png" x="1060" y="1150" width="70" height="70"/>
	<SubTexture name="elementWood004.png" x="920" y="1640" width="70" height="70"/>
	<SubTexture name="elementWood005.png" x="440" y="710" width="140" height="70"/>
	<SubTexture name="elementWood006.png" x="920" y="1570" width="70" height="70"/>
	<SubTexture name="elementWood007.png" x="990" y="1940" width="70" height="70"/>
	<SubTexture name="elementWood008.png" x="440" y="500" width="140" height="70"/>
	<SubTexture name="elementWood009.png" x="990" y="1300" width="70" height="70"/>
	<SubTexture name="elementWood010.png" x="920" y="1290" width="70" height="70"/>
	<SubTexture name="elementWood011.png" x="440" y="140" width="140" height="70"/>
	<SubTexture name="elementWood012.png" x="0" y="1960" width="220" height="70"/>
	<SubTexture name="elementWood013.png" x="920" y="1000" width="70" height="70"/>
	<SubTexture name="elementWood014.png" x="360" y="1910" width="140" height="70"/>
	<SubTexture name="elementWood015.png" x="0" y="1540" width="220" height="70"/>
	<SubTexture name="elementWood016.png" x="860" y="500" width="70" height="140"/>
	<SubTexture name="elementWood017.png" x="360" y="1560" width="140" height="140"/>
	<SubTexture name="elementWood018.png" x="220" y="770" width="220" height="140"/>
	<SubTexture name="elementWood019.png" x="860" y="140" width="70" height="220"/>
	<SubTexture name="elementWood020.png" x="360" y="1120" width="140" height="220"/>
	<SubTexture name="elementWood021.png" x="850" y="1770" width="70" height="140"/>
	<SubTexture name="elementWood022.png" x="360" y="1700" width="140" height="140"/>
	<SubTexture name="elementWood023.png" x="220" y="560" width="220" height="140"/>
	<SubTexture name="elementWood024.png" x="990" y="940" width="70" height="220"/>
	<SubTexture name="elementWood025.png" x="440" y="210" width="140" height="220"/>
	<SubTexture name="elementWood026.png" x="860" y="0" width="70" height="70"/>
	<SubTexture name="elementWood027.png" x="440" y="0" width="140" height="70"/>
	<SubTexture name="elementWood028.png" x="0" y="1050" width="220" height="70"/>
	<SubTexture name="elementWood029.png" x="1060" y="1930" width="70" height="70"/>
	<SubTexture name="elementWood030.png" x="440" y="570" width="140" height="70"/>
	<SubTexture name="elementWood031.png" x="0" y="0" width="220" height="70"/>
	<SubTexture name="elementWood032.png" x="930" y="220" width="70" height="140"/>
	<SubTexture name="elementWood033.png" x="220" y="1840" width="140" height="140"/>
	<SubTexture name="elementWood034.png" x="220" y="0" width="220" height="140"/>
	<SubTexture name="elementWood035.png" x="990" y="720" width="70" height="220"/>
	<SubTexture name="elementWood036.png" x="220" y="1260" width="140" height="220"/>
	<SubTexture name="elementWood037.png" x="990" y="1800" width="70" height="140"/>
	<SubTexture name="elementWood038.png" x="220" y="1120" width="140" height="140"/>
	<SubTexture name="elementWood039.png" x="0" y="1400" width="220" height="140"/>
	<SubTexture name="elementWood040.png" x="1060" y="580" width="70" height="220"/>
	<SubTexture name="elementWood041.png" x="220" y="1620" width="140" height="220"/>
	<SubTexture name="elementWood042.png" x="1060" y="1080" width="70" height="70"/>
	<SubTexture name="elementWood043.png" x="440" y="70" width="140" height="70"/>
	<SubTexture name="elementWood044.png" x="1060" y="1290" width="70" height="70"/>
	<SubTexture name="elementWood045.png" x="1060" y="1790" width="70" height="70"/>
	<SubTexture name="elementWood046.png" x="360" y="1840" width="140" height="70"/>
	<SubTexture name="elementWood047.png" x="0" y="700" width="220" height="70"/>
	<SubTexture name="elementWood048.png" x="1070" y="360" width="70" height="140"/>
	<SubTexture name="elementWood049.png" x="220" y="1480" width="140" height="140"/>
	<SubTexture name="elementWood050.png" x="0" y="350" width="220" height="140"/>
	<SubTexture name="elementWood051.png" x="1130" y="710" width="70" height="220"/>
	<SubTexture name="elementWood052.png" x="360" y="1340" width="140" height="220"/>
	<SubTexture name="elementWood053.png" x="1130" y="1070" width="70" height="70"/>
	<SubTexture name="elementWood054.png" x="440" y="430" width="140" height="70"/>
</TextureAtlas>